<?xml version="1.0" encoding="UTF-8"?>
<metadata modelVersion="1.1.0">
  <groupId>io.tiklab</groupId>
  <artifactId>tiklab-xcode-server</artifactId>
  <version>1.0.0-SNAPSHOT</version>
  <versioning>
    <snapshot>
      <timestamp>20230801.091147</timestamp>
      <buildNumber>1</buildNumber>
    </snapshot>
    <lastUpdated>20230801091147</lastUpdated>
    <snapshotVersions>
      <snapshotVersion>
        <classifier>sources</classifier>
        <extension>jar</extension>
        <value>1.0.0-20230801.091147-1</value>
        <updated>20230801091147</updated>
      </snapshotVersion>
      <snapshotVersion>
        <classifier>sources</classifier>
        <extension>jar.asc</extension>
        <value>1.0.0-20230801.091147-1</value>
        <updated>20230801091147</updated>
      </snapshotVersion>
      <snapshotVersion>
        <extension>jar</extension>
        <value>1.0.0-20230801.091147-1</value>
        <updated>20230801091147</updated>
      </snapshotVersion>
      <snapshotVersion>
        <extension>pom</extension>
        <value>1.0.0-20230801.091147-1</value>
        <updated>20230801091147</updated>
      </snapshotVersion>
      <snapshotVersion>
        <extension>jar.asc</extension>
        <value>1.0.0-20230801.091147-1</value>
        <updated>20230801091147</updated>
      </snapshotVersion>
      <snapshotVersion>
        <extension>pom.asc</extension>
        <value>1.0.0-20230801.091147-1</value>
        <updated>20230801091147</updated>
      </snapshotVersion>
    </snapshotVersions>
  </versioning>
</metadata>
